,Rank,Artist,Album,Year,id,genre,followers,popularity,rank,album_id
0,200,Ratking, So It Goes ,2014,2xtXCUTxmekNFB8oIYuOfe,['escape room'],27171,31,200,3hXl1HiPIzbR1alZy3Eaf3
1,199,Wu Lyf, Go Tell Fire to the Mountain ,2011,5mGTnJvTkLDN76DgXka5f0,['chillwave'],33907,32,199,3YUCk9Q1vjWsZsTur93sQP
2,198,Jean Grae, Everything’s Fine ,2018,2ipBhKpOYqs6BbysLNGye6,"['alternative hip hop', 'east coast hip hop', 'escape room', 'hip pop']",40597,43,198,22oHrB4SLwayyuLE02t5BD
3,197,Fatima Al Qadiri, Genre-Specific Xperience ,2011,1pfunEyqsC4oKSBY9gr8lN,"['arab electronic', 'art pop', 'deconstructed club', 'electra', 'escape room', 'experimental electronic', 'fluxwork', 'grave wave', 'witch house']",25649,30,197,3SHUtCuskxWnDgBHhupzaF
4,196,Portal, Vexovoid ,2013,1WiZz4d759EPtACSUBEfmt,"['australian black metal', 'australian metal', 'lovecraftian metal']",18518,24,196,0PtGwwqM6zFvawkY3JHtfq
5,195,Downtown Boys, Full Communism ,2015,7l8uFATeRemkWEA8Gn15YC,['rhode island indie'],13154,24,195,1bok6Flvzcw9vTTykASLJj
6,194,Titus Andronicus, The Monitor ,2010,5lJ4XQ2hlPlxACN7q3xKL1,"['alternative rock', 'freak folk', 'indie punk', 'indie rock', 'lo-fi', 'new jersey indie']",49705,38,194,5U09FQWagzAU5HPmufUAlU
7,193,Lil Peep, Hellboy ,2016,2kCcBybjl3SAtIcwdWpUe3,"['emo rap', 'lgbtq+ hip hop']",4275963,87,193,033j4a038P7Uodv9Y2eHZb
8,192,Kelela, Cut 4 Me ,2013,1U0sIzpRtDkvu1hXXzxh60,"['afrofuturism', 'alternative r&b', 'art pop', 'dance pop', 'electropop', 'escape room', 'indie r&b', 'indie soul']",223961,55,192,2RPUtz0BH6L3SMoQ6slT3G
9,191,Kate Bush, 50 Words for Snow ,2011,1aSxMhuvixZ8h9dK9jIDwL,"['art pop', 'art rock', 'baroque pop', 'dance rock', 'new wave pop', 'permanent wave', 'piano rock', 'singer-songwriter']",609002,65,191,1sFrZZRJfBb3QHfcIgaRUP
10,190,Huerco S., For Those of You Who Have Never (and Also Those Who Have) ,2016,0Wy3xgOTkgtDlT9wJsOQjy,"['ambient', 'art pop', 'deconstructed club', 'drone', 'dub techno', 'experimental synth', 'float house', 'microhouse', 'new isolationism', 'outsider house']",17507,35,190,57o6rhS5v8qPeRPzrNRWF9
11,189,Miranda Lambert, The Weight of These Wings ,2016,66lH4jAE7pqPlOlzUKbwA0,"['contemporary country', 'country', 'country dawn', 'country road']",2362706,73,189,563h536tB6n8Dn62jr4RZG
12,188,Pusha-T, Daytona ,2018,0ONHkAv9pCAFxb0zJwDNTy,"['gangster rap', 'hip hop', 'pop rap', 'rap', 'southern hip hop', 'trap', 'underground hip hop', 'virginia hip hop']",1699325,74,188,07bIdDDe3I3hhWpxU6tuBp
13,187,Iceage, Beyondless ,2018,03hlOXqRyyXO3ectp3eEbU,"['chamber psych', 'danish alternative rock', 'danish post-punk', 'garage psych', 'indie punk', 'indie rock']",61354,40,187,5H8wFFblf7YvGc7LbBzuR9
14,186,Various Artists, Mono No Aware ,2017,0LyfQWJT6nXafLPZqxe9Of,[],1783,0,186,3fHY1FPrS7L6ecZtBcEaj0
15,185,Hailu Mergia, Lala Belu ,2018,0rsN9DKQhTCvkgbByOOBIm,"['afrobeat', 'afropop', 'ethio-jazz', 'freak folk', 'funk', 'indie jazz', 'world']",30684,48,185,5daH3Ogui4BqvMrMLaEJ2Q
16,184,Soccer Mommy, Clean ,2018,4wXchxfTTggLtzkoUhO86Q,"['art pop', 'electropop', 'indie folk', 'indie pop', 'indie rock', 'small room']",157138,61,184,36NLDBi2kX7XRHnyLzLOS8
17,183,Elysia Crampton, American Drift ,2015,75v4Rn3SqXn6dmq2PFrRgN,"['collage pop', 'deconstructed club', 'electra', 'fluxwork', 'new isolationism', 'outsider house']",7342,24,183,033j4a038P7Uodv9Y2eHZb
18,182,G.L.O.S.S., Trans Day of Revenge ,2016,2s4gtd98phMFZf7dMagxjU,"['olympia wa indie', 'queercore']",18575,28,182,1oe6Qv0KAMuMixxDVQLtOf
19,181,Jamila Woods, LEGACY! LEGACY! ,2019,4UodukR17NIQfNu5uaqm9B,"['afrofuturism', 'alternative r&b', 'escape room', 'indie soul']",131166,59,181,5NzK7S7oQQnO8eLRf7kDJx
20,180,Chvrches, The Bones of What You Believe ,2013,3CjlHNtplJyTf9npxaPl5w,"['electropop', 'indie pop', 'indie poptimism', 'indietronica', 'metropopolis', 'neo-synthpop', 'shimmer pop']",1140904,72,180,7mYtNRrdUIZZymc5epjYHE
21,179,Shabazz Palaces, Black Up ,2011,6C403AR4y6PjN0xNNGh42m,"['afrofuturism', 'alternative hip hop', 'art pop', 'chillwave', 'escape room', 'experimental hip hop', 'freak folk', 'psychedelic hip hop', 'seattle hip hop', 'wonky']",95202,45,179,7BivjtZDPMhWSyCPCt7rau
22,178,Savages, Silence Yourself ,2013,4opwQe0g9rAbtbsAErAOdS,[],8686,42,178,0aMC5DDAF86GvYNPaivEKd
23,177,Margo Price, All American Made ,2017,09yvLritEUxHrzx5TlFvbl,"['alternative country', 'folk', 'indie folk', 'nashville americana', 'new americana', 'outlaw country', 'roots rock', 'stomp and holler']",81026,53,177,5XbPhu08VoGqOT06oLpHhN
24,176,Gil Scott-Heron, I’m New Here ,2010,0kEfub5RzlZOB2zGomqVSU,"['conscious hip hop', 'funk', 'jazz funk', 'political hip hop', 'slam poetry', 'soul']",190174,58,176,1S5FP0ZGG6XGOIdL8OsrZB
25,175,Jessie Ware, Devotion ,2012,5Mq7iqCWBzofK39FBqblNc,"['art pop', 'british soul', 'dance pop', 'electropop', 'indie r&b', 'neo soul', 'pop', 'tropical house']",518487,69,175,1T5wmjLCBuuTKTpKsiAn7R
26,174,Sharon Van Etten, Are We There ,2014,2wJ4vsxWd7df7dRU4KcoDe,"['art pop', 'chamber pop', 'chamber psych', 'freak folk', 'indie folk', 'indie pop', 'indie rock', 'melancholia', 'new americana', 'new jersey indie', 'stomp and holler']",322381,62,174,0F1pMhF8Vy74nKkQeLBfrd
27,173,Hurray for the Riff Raff, Small Town Heroes ,2014,2xLEV2jDreAOcpJXFNoXyt,"['alternative country', 'new americana', 'new orleans americana', 'stomp and holler', 'traditional folk']",76004,46,173,2PKIZjQQgHQeDAw5fn35LO
28,172,Popcaan, Where We Come From ,2014,62DmErcU7dqZbJaDqwsqzR,"['dancehall', 'reggae fusion']",418501,69,172,3iZe5yKemYO68gNG9hQ33C
29,171,JPEGMAFIA, Veteran ,2018,6yJ6QQ3Y5l0s0tn7b0arrO,"['alternative hip hop', 'escape room', 'experimental hip hop', 'hip hop', 'industrial hip hop', 'rap', 'underground hip hop']",253264,66,171,51WLEfPEEkzAWurvuY6Gco
30,170,Skee Mask, Compro ,2018,2qwi0hBvI2GrbkurOnw3hZ,"['bass music', 'electronica', 'float house', 'future garage', 'intelligent dance music', 'mandible', 'microhouse', 'munich electronic', 'outsider house', 'wonky']",37942,46,170,3yXIkSJWpudtgF0TZuB16U
31,169,Paramore, After Laughter ,2017,74XFHRwlV6OrjEM0A2NCMF,"['candy pop', 'emo', 'pixie', 'pop emo', 'pop punk']",5271216,78,169,1c9Sx7XdXuMptGyfCB6hHs
32,168,Julianna Barwick, The Magic Place ,2011,0HWfFWL4vVrbaBQqxVCwCi,"['ambient', 'ambient pop', 'art pop', 'chamber psych', 'chillwave', 'compositional ambient', 'drone', 'electra', 'experimental pop', 'fourth world', 'freak folk', 'indie folk', 'indietronica', 'melancholia']",49397,50,168,4JW1OsBRpDNF23lDFPaFQ7
33,167,(Sandy) Alex G, DSU ,2014,6lcwlkAjBPSKnFBZjjZFJs,"['art pop', 'freak folk', 'garage psych', 'indie folk', 'indie garage rock', 'indie pop', 'indie rock', 'philly indie']",120527,58,167,7mcmdIquDOA2QT8h1SSZpg
34,166,Nicki Minaj, The Pinkprint ,2014,0hCNtLu0JehylgoiP8L4Gh,"['dance pop', 'hip pop', 'pop', 'pop rap', 'post-teen pop', 'queens hip hop']",18160171,91,166,1IOHcoY4gPRECxpIhVGmuq
35,165,Jay Som, Everybody Works ,2017,1wmiQ6ytATiGnJs6uFluKO,"['art pop', 'bay area indie', 'chillwave', 'electropop', 'indie folk', 'indie pop', 'indie rock', 'indietronica', 'oakland indie', 'small room']",83187,55,165,1ZMtgC7o6TGbzwkv5SpThU
36,164,Hop Along, Painted Shut ,2015,3yYUV3hkJit05YIUEODqgp,"['alternative emo', 'art pop', 'emo', 'folk punk', 'indie pop', 'indie punk', 'indie rock', 'philly indie']",79957,47,164,16fimHkQtXptYBytXfHfUs
37,163,Meek Mill, Dreamchasers 2 ,2012,20sxb77xiYeusSH8cVdatc,"['hip hop', 'philly rap', 'pop rap', 'rap', 'southern hip hop', 'trap']",4262086,83,163,0kpslw9IHk7EsK40BGUbX9
38,162,Sturgill Simpson, Metamodern Sounds in Country Music ,2014,3vDpQbGnzRbRVirXlfQagB,"['alternative americana', 'indie folk', 'nashville singer-songwriter', 'new americana', 'outlaw country', 'roots rock']",400673,64,162,4makbOuLd5SUdyHMaNM1Ag
39,161,The 1975, I like it when you sleep… ,2016,3mIj9lX2MWuHmhNCA7LSCW,"['indie pop', 'modern alternative rock', 'nu gaze', 'pop', 'rock']",4212329,82,161,1JFmNyVPdBF1ECvv4fhpW4
40,160,Noname, Room 25 ,2018,1EpyA68dKpjf7jXmQL88Hy,"['alternative r&b', 'chicago rap', 'escape room', 'hip hop', 'indie soul', 'neo soul', 'rap', 'underground hip hop']",467069,65,160,3mpA4v2tvEM5aAYtNGnbzD
41,159,Pallbearer, Foundations of Burden ,2014,2yeEmsTQMNHBlS5dhWtuD1,"['doom metal', 'drone metal', 'epic doom', 'post-doom metal', 'psychedelic doom']",56458,40,159,5hcHyM3KYY97gUZzfRlNZb
42,158,Sleigh Bells, Treats ,2010,59pWgeY26Q6yJy37QvJflh,"['alternative dance', 'art pop', 'brooklyn indie', 'dance-punk', 'electropop', 'escape room', 'experimental pop', 'indie pop', 'indie rock', 'indie surf', 'indietronica', 'modern rock', 'new rave', 'noise pop', 'shimmer pop']",218345,50,158,1IWkF6zpOq73txmrYpljIT
43,157,The 1975, A Brief Inquiry Into Online Relationships ,2018,3mIj9lX2MWuHmhNCA7LSCW,"['indie pop', 'modern alternative rock', 'nu gaze', 'pop', 'rock']",4212329,82,157,6PWXKiakqhI17mTYM4y6oY
44,156,Jenny Lewis, The Voyager ,2014,5cMVRrisBpDkXCVG48epED,"['art pop', 'indie folk', 'indie pop', 'indie rock', 'lilith']",138450,52,156,5sCsfubNchaI9RCpP7K7aB
45,155,21 Savage, Savage Mode ,2016,1URnnhqYAYcrqrcwql10ft,"['atl hip hop', 'rap', 'trap']",8154416,85,155,4I3EcXD4e3KcEoDJfFEZ5b
46,154,Mica Levi, Under the Skin OST ,2014,29LOCR81IrdEJjCAeCEOU3,"['british soundtrack', 'soundtrack']",19644,39,154,0MJwS1KqklO8tr95IJAcQA
47,153,Purple Mountains, Purple Mountains ,2019,1ll45mCZIveI9KHNZx2DdS,"['alternative country', 'alternative rock', 'anti-folk', 'freak folk', 'indie rock', 'lo-fi', 'modern power pop', 'slowcore']",30384,44,153,6YM4MpYgz6BhIeqQkxp3u4
48,152,Arctic Monkeys, AM ,2013,7Ln80lUS6He07XvHI8qqHH,"['garage rock', 'modern rock', 'permanent wave', 'rock', 'sheffield indie']",9433087,83,152,78bpIziExqiI9qztvNFlQu
49,151,Lady Gaga, The Fame Monster ,2009,1HY2Jd0NmPuamShAr6KMms,"['dance pop', 'pop']",12722855,92,151,6rePArBMb5nLWEaY9aQqL4
50,150,Playboi Carti, Playboi Carti ,2017,699OTQXzgjhIYAHMy9RyPD,"['atl hip hop', 'hip hop', 'rap', 'trap', 'underground hip hop']",3757999,83,150,4rJgzzfFHAVFhCSt2P4I3j
51,149,Mac DeMarco, 2 ,2012,3Sz7ZnJQBIHsXLUSo0OQtM,['edmonton indie'],1537483,75,149,7x6wYKbZUU2BL3N8ZWwM3q
52,148,Nicolas Jaar, Space Is Only Noise ,2011,5a0etAzO5V26gvlbmHzT9W,"['downtempo', 'electronica', 'microhouse']",545680,60,148,0tUJcqDuXHNkaPKLN0lQhT
53,147,The National, High Violet ,2010,2cCUtGK9sDU2EoElnk0GNB,"['indie rock', 'modern rock']",1203648,69,147,59gXPxZ8CwFaeknPxtxXHZ
54,146,Sheer Mag, Compilation ,2017,58ehndX799ZV9Jcv6IefJ1,"['garage psych', 'indie punk', 'indie rock', 'philly indie']",30251,38,146,0QKFT4xWEigQjzJaAc1PPP
55,145,Chief Keef, Finally Rich ,2012,15iVAtD3s3FsQR4w1v6M0P,"['chicago drill', 'chicago rap', 'drill', 'hip hop', 'pop rap', 'rap', 'southern hip hop', 'trap', 'underground hip hop', 'vapor trap']",2174320,74,145,6QqAHD3NjGCkrS9tPPyHET
56,144,PJ Harvey, Let England Shake ,2011,12VaqyEhgwDRuFfEqbnrpz,"['alternative rock', 'art pop', 'art rock', 'chamber psych', 'indie rock', 'lilith', 'melancholia', 'permanent wave', 'piano rock', 'rock', 'singer-songwriter']",627460,61,144,2f8Rfpdol5jrJe3OL4YH6k
57,143,Weyes Blood, Titanic Rising ,2019,3Uqu1mEdkUJxPe7s31n1M9,"['art pop', 'experimental folk', 'freak folk', 'indie pop', 'indie rock']",134143,59,143,53VKICyqCf91sVkTdFrzKX
58,142,Fennesz, Agora ,2019,2DoQBgPsB9AdmWpIa2hUSz,"['ambient', 'art pop', 'compositional ambient', 'drone', 'dub techno', 'electroacoustic improvisation', 'experimental', 'experimental guitar', 'fourth world', 'freak folk', 'glitch', 'intelligent dance music', 'mandible', 'microhouse', 'slowcore']",40840,39,142,7JpOsq1F2A9aPr2fdacsOk
59,141,Rick Ross, Rich Forever ,2012,1sBkRIssrMs1AbVkOJbc7a,"['dirty south rap', 'gangster rap', 'hip hop', 'pop rap', 'rap', 'southern hip hop', 'trap']",4108674,82,141,4UFckNXSEM0QLxYh0fmIY9
60,140,Parquet Courts, Sunbathing Animal ,2014,23NIwARd4vPbxt3wwNnJ6k,"['alternative rock', 'brooklyn indie', 'denton tx indie', 'freak folk', 'garage psych', 'indie garage rock', 'indie rock', 'modern rock', 'neo-psychedelic', 'noise pop']",192703,57,140,6QLvKr5uNyu6fwFXroL8oE
61,139,Emeralds, Does It Look Like I’m Here? ,2010,45btnwhUWFlR7Op5oTfDPv,"['ambient', 'berlin school', 'cleveland indie', 'drone', 'hauntology']",11529,25,139,0c0XkZh9vWXg473nchoArI
62,138,Alabama Shakes, Sound & Color ,2015,16GcWuvvybAoaHr0NqT8Eh,"['alabama indie', 'indie rock', 'modern blues rock', 'rock']",1348540,65,138,0GaYG9L1sXHQZZ7BTk0hGY
63,137,A$AP Rocky, LIVE.LOVE.A$AP ,2011,13ubrt8QOOCPljQ2FL1Kca,"['east coast hip hop', 'hip hop', 'pop rap', 'rap', 'southern hip hop', 'trap']",7456812,85,137,033j4a038P7Uodv9Y2eHZb
64,136,Tim Hecker," Ravedeath, 1972 ",2011,1qiwaJwjKod5WhcYZ76O1B,"['ambient', 'art pop', 'canadian experimental', 'compositional ambient', 'drift', 'drone', 'dub techno', 'electronica', 'experimental', 'fourth world', 'freak folk', 'intelligent dance music', 'microhouse', 'new isolationism', 'warm drone']",87100,46,136,6Iu8toVsvCc3I4INxYiVIy
65,135,Fleet Foxes, Helplessness Blues ,2011,4EVpmkEwrLYEg6jIsiPMIb,"['chamber pop', 'freak folk', 'indie folk', 'indie pop', 'indie rock', 'modern rock', 'seattle indie', 'stomp and holler']",983719,66,135,7LKzVm90JnhNMPF6qX21fS
66,134,M83," Hurry Up, We’re Dreaming ",2011,63MQldklfxkjYDoUE4Tppz,"['french shoegaze', 'metropopolis', 'neo-synthpop']",1741680,73,134,6R0ynY7RF20ofs9GJR5TXR
67,133,Frankie Cosmos, Zentropy ,2014,0x4xCoWaOFd3WsKarzaxnW,"['bedroom pop', 'indie garage rock', 'indie pop', 'indie rock']",162503,53,133,6X0g9HzOXkPfzpgoU4rzbQ
68,132,Amen Dunes, Freedom ,2018,1jwOuEBcOKq0BeudSarbEM,"['art pop', 'chamber psych', 'freak folk', 'garage psych', 'indie folk', 'indie rock', 'modern psychedelic folk', 'neo-psychedelic', 'popgaze']",49175,48,132,2H4G8AGta9p8yjgjVI9nZd
69,131,Run the Jewels, Run the Jewels 2 ,2014,4RnBFZRiMLRyZy0AzzTg2C,"['hip hop', 'political hip hop']",754195,75,131,4Loc7NtCAo9mypHO6kbviD
70,130,Tame Impala, Lonerism ,2012,5INjqkS1o8h1imAzPqGZBb,"['australian psych', 'neo-psychedelic']",3911148,82,130,3C2MFZ2iHotUQOSBzdSvM7
71,129,Various Artists, Bangs and Works Vol. 1: A Chicago Footwork Compilation ,2010,0LyfQWJT6nXafLPZqxe9Of,[],1783,0,129,1P8EYmCJmjYhtMhR2H3h4m
72,128,Radiohead, A Moon Shaped Pool ,2016,4Z8W4fKeB5YxbusRsdQVPb,"['alternative rock', 'art rock', 'melancholia', 'oxford indie', 'permanent wave', 'rock']",5293673,80,128,6vuykQgDLUCiZ7YggIpLM9
73,127,Car Seat Headrest, Teens of Denial ,2016,5PbpKlxQE0Ktl5lcNABoFf,"['alternative rock', 'anti-folk', 'art pop', 'indie pop', 'indie punk', 'indie rock']",270843,63,127,26DseQO366JfXwIP7dIgQj
74,126,Panda Bear, Tomboy ,2011,1R84VlXnFFULOsWWV8IrCQ,"['alternative dance', 'art pop', 'chillwave', 'collage pop', 'experimental pop', 'freak folk', 'indie pop', 'indie rock', 'indietronica', 'noise pop', 'nu gaze']",158087,54,126,1dxMK0PJZ9RyarNPXQQeeP
75,125,Yves Tumor, Safe in the Hands of Love ,2018,0qu422H5MOoQxGjd4IzHbS,"['art pop', 'chamber psych', 'electropop', 'escape room', 'experimental pop', 'freak folk', 'hyperpop', 'indie r&b', 'indietronica']",93693,58,125,1IpYZkYoYCjXTYMDEW8Ksk
76,124,Real Estate, Days ,2011,41SQP16hv1TioVYqdckmxT,"['art pop', 'chillwave', 'freak folk', 'indie pop', 'indie rock', 'indietronica', 'lo-fi', 'new jersey indie', 'nu gaze', 'shimmer pop']",334087,59,124,7e6bDoD8VD0549bu69UTEF
77,123,Deafheaven, Sunbather ,2013,4XpPveeg7RuYS3CgLo75t9,"['atmospheric black metal', 'blackgaze', 'post-metal', 'usbm']",128712,45,123,2kKXGWaCEl06EKZ4DxBJIT
78,122,Snail Mail, Lush ,2018,4QkSD9TRUnMtI8Fq1jXJJe,"['art pop', 'baltimore indie', 'indie pop', 'indie rock']",182682,56,122,2e48GqjEwCi87gQJanb1bf
79,121,The Hotelier," Home, Like Noplace Is There ",2014,3kzNckjE5FzHQhe4pJiLKa,"['alternative emo', 'anthem emo', 'emo', 'indie punk', 'indie rock', 'midwest emo', 'new england emo', 'worcester ma indie']",58329,45,121,5jfqj3O8WU3755J2OK19rd
80,120,"Tyler, the Creator", Flower Boy ,2017,4V8LLVI7PbaPR0K2TGSxFF,"['hip hop', 'rap']",4743019,84,120,2nkto6YNI4rUYTLqEwWJ3o
81,119,Girlpool, Before the World Was Big ,2015,3BYXi96LqI8TwNljFKE0DZ,"['anti-folk', 'art pop', 'indie punk', 'indie rock']",90439,47,119,7KW051jqBSX1pFOyLwIQw7
82,118,Leonard Cohen, You Want It Darker ,2016,5l8VQNuIg0turYE1VtM9zV,"['canadian singer-songwriter', 'folk', 'folk rock', 'melancholia', 'permanent wave', 'singer-songwriter']",1953600,70,118,3jeTB3j3QmUs8SPIVleHtU
83,117,Death Grips, The Money Store ,2012,5RADpgYLOuS2ZxDq7ggYYH,"['alternative hip hop', 'escape room', 'experimental hip hop', 'hip hop', 'industrial hip hop']",476235,63,117,1PQDjdBpHPikAodJqjzm6a
84,116,Janelle Monáe, The ArchAndroid ,2010,6ueGR6SWhUJfvEhqkvMsVs,"['afrofuturism', 'alternative r&b', 'art pop', 'atl hip hop', 'dance pop', 'electropop', 'escape room', 'neo soul', 'pop', 'r&b']",924448,71,116,7MvSB0JTdtl1pSwZcgvYQX
85,115,U.S. Girls, In a Poem Unlimited ,2018,3AHFDfqhSqPBecjQDIOIJA,"['alternative dance', 'art pop', 'chamber psych', 'chillwave', 'electropop', 'experimental pop', 'freak folk', 'indie rock', 'indietronica']",59284,48,115,5mcuyVRQmrRlfFqDDfJI1q
86,114,Sampha, Process ,2017,2WoVwexZuODvclzULjPQtm,"['indie r&b', 'indie soul']",432596,64,114,2gUSWVHCOerKhJHZRwhVtN
87,113,Japandroids, Celebration Rock ,2012,2WcCoPxAWFNSCvsFPrpf30,"['canadian indie', 'indie punk', 'indie rock', 'modern alternative rock', 'modern rock', 'noise pop', 'noise rock', 'vancouver indie', 'vancouver punk']",105493,44,113,2sY9WYVH022ulyAYaqvXLW
88,112,Daft Punk, Random Access Memories ,2013,4tZwfgrHOc3mvqYlEYSvVi,"['electro', 'filter house']",6456556,82,112,4m2880jivSbbyEGAKfITCa
89,111,EMA, Past Life Martyred Saints ,2011,0MT8Af4BlhE02l91O6cfyQ,['south dakota indie'],17077,25,111,6S6Mlvc34kyGllnR4EF75o
90,110,Waka Flocka Flame, Flockaveli ,2010,6f4XkbvYlXMH0QgVRzW0sM,"['atl hip hop', 'dirty south rap', 'gangster rap', 'hip hop', 'pop rap', 'rap', 'southern hip hop', 'trap']",1938507,69,110,6MQtWELG7aRX7CkAzQ6nLM
91,109,Julia Holter, Aviary ,2018,0bsV0sUjnCuCTYOnNHQl3E,"['art pop', 'art rock', 'chamber psych', 'chillwave', 'collage pop', 'electra', 'escape room', 'experimental pop', 'freak folk', 'indie rock', 'la indie', 'slowcore']",87135,44,109,6icpwcJQWK4nq9Xilk4yRu
92,108,Kaytranada, 99.9% ,2016,6qgnBH6iDM91ipVXv28OMu,"['escape room', 'indie soul', 'lgbtq+ hip hop']",692293,73,108,1dZZh7PvVgce1DDsDPzy8Z
93,107,Dirty Projectors, Swing Lo Magellan ,2012,5VF0YkVLeVD4ytyiyVSIiF,"['art pop', 'brooklyn indie', 'chillwave', 'experimental pop', 'freak folk', 'indie folk', 'indie pop', 'indie rock', 'indietronica']",207440,55,107,5zQgu9qi6mK8KuleuzM22C
94,106,Moses Sumney, Aromanticism ,2017,5W10uJRsbt9bROJDKoI1Wn,"['alternative r&b', 'art pop', 'escape room', 'indie r&b', 'indie soul', 'la pop', 'neo soul']",200862,62,106,30WjNaR79shSTGB52IJTw0
95,105,Disclosure, Settle ,2013,6nS5roXSAGhTGr34W6n7Et,"['house', 'pop', 'tropical house', 'uk dance']",1765320,80,105,1lM5IfaqcIsXd6UCV3aDSs
96,104,Waxahatchee, Cerulean Salt ,2013,5IWCU0V9evBlW4gIeGY4zF,"['alabama indie', 'art pop', 'electropop', 'freak folk', 'indie folk', 'indie pop', 'indie punk', 'indie rock', 'stomp and holler']",101020,59,104,3OZKwBjWkgCTD1QiriMhuY
97,103,Helado Negro, This Is How You Smile ,2019,69qhRLDvsWJOhWGXXQ0lQQ,"['art pop', 'deep latin alternative', 'freak folk']",66373,53,103,17LsQV3q3cgTBrat3D5JSv
98,102,Jeremih, Late Nights: The Album ,2015,3KV3p5EY4AvKxOlhGHORLg,"['chicago rap', 'dance pop', 'pop', 'pop rap', 'r&b', 'southern hip hop', 'trap', 'urban contemporary']",4389244,81,102,7DMyQuDPe8xzjC0UDSDa96
99,101,Chromatics, Kill for Love ,2012,4tOVIRjlWWfR1RrAxyRqTE,"['alternative dance', 'art pop', 'chillwave', 'electronica', 'electropop', 'indie pop', 'indietronica', 'modern dream pop', 'neo-synthpop', 'new rave']",287928,60,101,2Fp5KBgyC0ac2oitVlsJhY
100,100,Ariana Grande, Sweetener ,2018,66CXWjxzNUsdJxJ2JdwvnR,"['dance pop', 'pop', 'post-teen pop']",48176927,94,100,3tx8gQqWbGwqIGZHqDNrGe
101,99,Bad Bunny, X 100PRE ,2018,4q3ewBCX7sLwd24euuV69X,"['latin', 'reggaeton', 'trap latino']",23130092,97,99,7CjJb2mikwAWA1V6kewFBF
102,98,Todd Terje, It’s Album Time ,2014,49gaZqfow2v8EEQmjGyEIw,"['alternative dance', 'balearic', 'deep house', 'electronica', 'new rave', 'norwegian space disco', 'nu disco']",188068,54,98,4pefQ21iSk8hdnxw3WSB5Y
103,97,The War on Drugs, Lost in the Dream ,2014,6g0mn3tzAds6aVeUYRsryU,"['indie rock', 'modern rock', 'philly indie']",599619,63,97,14xxjLlbGy8ACm4MorBjD5
104,96,Low, Double Negative ,2018,0wz0jO9anccPzH04N7FLBH,"['alternative rock', 'art pop', 'chamber psych', 'dream pop', 'duluth indie', 'freak folk', 'melancholia', 'slowcore']",144115,51,96,1zTkgOHx3mjrUvrhxq4osf
105,95,Jai Paul, Leak 04-13 (Bait Ones) ,2019,53wZLCnhshZKDRs3uopFBc,"['art pop', 'chillwave', 'electronica', 'electropop', 'escape room', 'indie r&b', 'indie soul', 'indietronica']",129775,55,95,6Wsai43KQmmKlN29AWlXFr
106,94,Vampire Weekend, Contra ,2010,5BvJzeQpmsdsFp4HGUYUEx,"['baroque pop', 'indie pop', 'indie rock', 'modern rock', 'rock']",1586365,72,94,23dMwCv6redn6pcyliSlGk
107,93,Tirzah, Devotion ,2018,6f5lOlSFJw9K79gaNnmWAd,"['alternative r&b', 'art pop', 'chamber psych', 'electra', 'electronica', 'electropop', 'escape room', 'experimental pop', 'indie r&b', 'indie soul', 'uk contemporary r&b']",52748,52,93,15GocbF7ybkkPP03YXtLqv
108,92,JAY-Z, Watch the Throne ,2011,3nFkdlSjzX9mRTtwJOzDYB,"['east coast hip hop', 'hip hop', 'pop rap', 'rap']",5440745,85,92,2P2Xwvh2xWXIZ1OWY9S9o5
109,91,Bon Iver," 22, A Million ",2016,4LEiUm1SRbFMgfqnQTwUbQ,"['eau claire indie', 'indie folk', 'melancholia', 'slowcore']",2664676,76,91,1PgfRdl3lPyACfUGH4pquG
110,90,Joyce Manor, Never Hungover Again ,2014,7qbvNcfTfckhCNM8NiR8nN,"['alternative emo', 'emo', 'indie garage rock', 'indie punk', 'indie rock']",128105,54,90,6cPoZUF1MLvQvXkfDGHwsf
111,89,Caribou, Our Love ,2014,4aEnNH9PuU1HF3TsZTru54,"['alternative dance', 'chillwave', 'electronica', 'electropop', 'folktronica', 'indie rock', 'indie soul', 'indietronica', 'intelligent dance music', 'new rave']",486523,65,89,5r4nz5LZHeGUcZCrWbfWkx
112,88,Jenny Hval," Apocalypse, girl ",2015,5eerVxtb9lY9p6D7m89Bs7,"['art pop', 'chamber psych', 'electra', 'escape room', 'experimental pop', 'freak folk', 'norwegian experimental']",44249,40,88,3AeAZfwBgnhmbNEowNFvcB
113,87,Rae Sremmurd, SremmLife ,2015,7iZtZyCzp3LItcw1wtPI3D,"['hip hop', 'melodic rap', 'mississippi hip hop', 'pop rap', 'rap', 'southern hip hop', 'trap']",5935348,78,87,6eDx949ONWDCN0O22wFZf7
114,86,Haim, Days Are Gone ,2013,4Ui2kfOqGujY81UcPrb5KE,"['dance pop', 'indie pop', 'metropopolis', 'pop', 'pop rock', 'rock']",944730,75,86,729Vh0HApsm7hGDVjbmtrf
115,85,Jessica Pratt, On Your Own Love Again ,2015,5KTykbPcDB4GYS49jcHbWh,"['ambient folk', 'art pop', 'chamber psych', 'freak folk', 'indie folk', 'indie rock']",47010,48,85,4plpT2Idnip2akI8c9LQP7
116,84,Chance the Rapper, Acid Rap ,2013,1anyVhU62p31KFi8MEzkbf,"['chicago rap', 'conscious hip hop', 'hip hop', 'pop rap', 'rap']",4899206,83,84,2VBcztE58pBKjIDS5oEgFh
117,83,Burial, Rival Dealer EP ,2013,0uCCBpmg6MrPb1KY2msceF,"['bass music', 'dubstep', 'electronica', 'future garage', 'hauntology', 'intelligent dance music', 'microhouse', 'wonky']",272168,52,83,1yVoIc4Hhkhi9ovIcFVLmq
118,82,Girls," Father, Son, Holy Ghost ",2011,6eO95BjZhrWHREMfwC4vVN,"['bay area indie', 'chillwave', 'freak folk', 'indie pop', 'indie rock', 'indie surf', 'noise pop', 'nu gaze']",93278,41,82,66wRO7SK0Wo1KS40en2tua
119,81,Solange, When I Get Home ,2019,2auiVi8sUZo17dLy1HwrTU,"['afrofuturism', 'alternative r&b', 'art pop', 'dance pop', 'electropop', 'escape room', 'hip pop', 'indie soul', 'neo soul', 'pop', 'r&b', 'urban contemporary']",1119936,67,81,4WF4HvVT7VjGnVjxjoCR6w
120,80,Aphex Twin, Syro ,2014,6kBDZFXuLrZgHnvmPu9NsG,"['ambient', 'braindance', 'electronica', 'intelligent dance music', 'uk experimental electronic']",604816,63,80,6oRuinkJdTge4hpTuClEF8
121,79,Tame Impala, Currents ,2015,5INjqkS1o8h1imAzPqGZBb,"['australian psych', 'neo-psychedelic']",3911148,82,79,79dL7FLiJFOO0EoehUHQBv
122,78,Kurt Vile, Smoke Ring for My Halo ,2011,5gspAQIAH8nJUrMYgXjCJ2,"['alternative rock', 'freak folk', 'indie folk', 'indie rock', 'modern folk rock', 'neo-psychedelic', 'philly indie']",371814,62,78,32a7BrNNTAu7BVb6DcsMLP
123,77,Four Tet, There Is Love in You ,2010,7Eu1txygG6nJttLHbZdQOh,"['alternative dance', 'electronica', 'folktronica', 'indie soul', 'indietronica', 'intelligent dance music', 'new rave']",454092,65,77,6XoxeeeyZgzqUMzUBUSDG9
124,76,Arcade Fire, The Suburbs ,2010,3kjuyTCjPG1WMFCiyc5IuB,"['alternative dance', 'alternative rock', 'baroque pop', 'canadian indie', 'dance-punk', 'indie pop', 'indie rock', 'modern rock', 'new rave', 'permanent wave', 'quebec indie', 'rock']",1768980,71,76,3DrgM5X3yX1JP1liNLAOHI
125,75,The Weeknd, House of Balloons ,2011,1Xyo4u8uXC1ZmMpatF05PJ,"['canadian contemporary r&b', 'canadian pop', 'pop']",22402760,95,75,033j4a038P7Uodv9Y2eHZb
126,74,SOPHIE, OIL OF EVERY PEARL’s UN-INSIDES ,2018,5a2w2tgpLwv26BYJf2qYwu,"['art pop', 'dance pop', 'deconstructed club', 'electropop', 'escape room', 'hyperpop', 'indietronica', 'transpop']",156162,56,74,4z3YbEkKWwiIMSJTWUQbTH
127,73,Cardi B, Invasion of Privacy ,2018,4kYSro6naA4h99UJvo89HB,"['pop', 'pop rap', 'rap']",11810629,86,73,4KdtEKjY3Gi0mKiSdy96ML
128,72,Father John Misty," I Love You, Honeybear ",2015,2kGBy2WHvF0VdZyqiVCkDT,"['art pop', 'freak folk', 'indie folk', 'indie pop', 'indie rock', 'stomp and holler']",552429,65,72,2A8IKX257C4hJaYUHMhLP7
129,71,Robyn, Honey ,2018,6UE7nl9mha6s8z0wFQFIZ2,"['art pop', 'dance pop', 'electropop', 'pop', 'pop rock', 'scandipop', 'swedish electropop', 'swedish pop']",659504,68,71,6WZjFvrzwq8SOGe0r8R3qk
130,70,Perfume Genius, No Shape ,2017,2ueoLVCXQ948OfhVvAy3Nn,"['art pop', 'chamber pop', 'chamber psych', 'chillwave', 'electropop', 'experimental pop', 'freak folk', 'indie pop', 'indie rock', 'indietronica', 'seattle indie']",258792,63,70,7awgq3vvlsIeA7dZduR9x4
131,69,Drake," If You’re Reading This, It’s Too Late ",2015,3TVXtAsR1Inumwj472S9r4,"['canadian hip hop', 'canadian pop', 'hip hop', 'pop rap', 'rap', 'toronto rap']",48112586,98,69,0ptlfJfwGTy0Yvrk14JK1I
132,68,Flying Lotus, Cosmogramma ,2010,29XOeO6KIWxGthejQqn793,"['afrofuturism', 'alternative hip hop', 'electronica', 'escape room', 'experimental hip hop', 'glitch', 'glitch hop', 'hip hop', 'indietronica', 'intelligent dance music', 'jazztronica', 'psychedelic hip hop', 'wonky']",550064,61,68,5c7XChrHxYaqykCZLaGM5f
133,67,Courtney Barnett," Sometimes I Sit and Think, and Sometimes I Just Sit ",2015,4OOlG5eBXSkSAAEeKjJb5Y,"['art pop', 'australian indie', 'indie pop', 'indie rock', 'melbourne indie']",419741,59,67,6PosCDToF5fOdEjTI5PsDX
134,66,Fever Ray, Plunge ,2017,5hE6NCoobhyEu6TRSbjOJY,"['alternative dance', 'art pop', 'electronica', 'electropop', 'new rave', 'swedish electropop', 'swedish synth', 'swedish synthpop']",316400,55,66,3UHMhYzYnfTBEuDxb1JmxC
135,65,Future, Dirty Sprite 2  ,2015,1RyvyyTE3xzB2ZywiAwp0i,"['atl hip hop', 'pop rap', 'rap', 'southern hip hop', 'trap']",8951246,91,65,0fUy6IdLHDpGNwavIlhEsl
136,64,Mitski, Be the Cowboy ,2018,2uYWxilOVlUdk4oV9DvwqK,"['art pop', 'brooklyn indie', 'escape room', 'indie pop', 'indie rock']",316979,67,64,653wRjqO0GOZPQPcXpeAXD
137,63,Danny Brown, XXX ,2011,7aA592KWirLsnfb5ulGWvU,"['alternative hip hop', 'detroit hip hop', 'escape room', 'hip hop', 'rap', 'southern hip hop', 'underground hip hop']",536132,64,63,3vyMhFtK8R0cFoMfnBfztb
138,62,Grouper, Ruins ,2014,31uyAcnY0kjjKKIQZMKX4i,"['ambient', 'ambient pop', 'art pop', 'chamber psych', 'chillwave', 'compositional ambient', 'dream pop', 'drone', 'electra', 'experimental ambient', 'experimental pop', 'fourth world', 'freak folk', 'modern dream pop', 'nu gaze', 'shoegaze', 'slowcore']",103444,51,62,5ElYoVUqRQIlDekD1v6aKa
139,61,Arca, Arca ,2017,4SQdUpG4f7UbkJG3cJ2Iyj,"['art pop', 'chamber psych', 'dance pop', 'deconstructed club', 'electropop', 'escape room', 'experimental pop', 'fluxwork', 'indie r&b', 'indietronica']",137514,61,61,1MQO4j8QExVgmnplbIodEU
140,60,King Krule, The OOZ ,2017,4wyNyxs74Ux8UIDopNjIai,['art pop'],512625,63,60,6Ulu31dfRTpIAud08ZIhXd
141,59,Taylor Swift, Red ,2012,06HL4z0CvFAxyc27GXpf02,"['dance pop', 'pop', 'post-teen pop']",30752858,91,59,1EoDsNmgTLtmwe1BDAVxV5
142,58,Kamasi Washington, The Epic ,2015,6HQYnRM4OzToCYPpVBInuU,"['afrofuturism', 'contemporary jazz', 'indie soul', 'jazz saxophone']",316353,61,58,2j2q2ySuVk43eHB8wI5XQj
143,57,Kendrick Lamar, DAMN. ,2017,2YZyLoL8N0Wb9xBt1NhZWg,"['conscious hip hop', 'hip hop', 'rap', 'west coast rap']",15016584,88,57,4eLPsYPBmXABThSJ821sqY
144,56,Björk, Vulnicura ,2015,7w29UYBi0qsHi5RTcv3lmA,"['alternative dance', 'art pop', 'dance pop', 'electronica', 'electropop', 'experimental pop', 'experimental vocal', 'icelandic experimental', 'icelandic pop', 'metropopolis', 'permanent wave', 'pop rock', 'trip hop']",1160445,65,56,1ttnHZ0HVGMSMTJdZZ7kYK
145,55,St. Vincent, Strange Mercy ,2011,7bcbShaqKdcyjnmv4Ix8j6,"['art pop', 'electropop', 'escape room', 'etherpop', 'indie pop', 'indie rock', 'indietronica', 'metropopolis']",582627,65,55,1Lci4bx7JIuCC8pnBNX7ds
146,54,Young Thug, Barter 6 ,2015,50co4Is1HCEo8bhOyUWKpn,"['atl hip hop', 'atl trap', 'gangster rap', 'melodic rap', 'pop rap', 'rap', 'trap']",5359456,91,54,0BsMZIueWsJLWng8A7sE8e
147,53,Jlin, Black Origami ,2017,23QKqAkKwti9zBiac6RFBA,"['afrofuturism', 'art pop', 'deconstructed club', 'electra', 'fluxwork', 'footwork', 'intelligent dance music']",22926,28,53,6m5Jy89Af4LWormzjaMPKd
148,52,LCD Soundsystem, This Is Happening ,2010,066X20Nz7iquqkkCW6Jxy6,"['alternative dance', 'alternative rock', 'dance-punk', 'electronic rock', 'electronica', 'indie pop', 'indie rock', 'indietronica', 'modern rock', 'new rave', 'rock']",747586,65,52,4hnqM0JK4CM1phwfq1Ldyz
149,51,DJ Koze, Knock Knock ,2018,1kR99O4MgSTasyeJh8UFCg,"['deep house', 'electronica', 'float house', 'german techno', 'hamburg electronic', 'indie soul', 'microhouse', 'minimal techno', 'tech house']",167174,58,51,0sT4nyNxsvGNQr1O8OR83O
150,50,Grimes, Visions ,2012,053q0ukIDRgzwTr4vNSwab,"['art pop', 'canadian electropop', 'chillwave', 'dance pop', 'electropop', 'grave wave', 'indietronica', 'metropopolis']",1124972,72,50,48a7rOjTzpD1zzJAteeveE
151,49,Oneohtrix Point Never, Replica ,2011,2wPDbhaGXCqROrVmwDdCrK,"['ambient', 'art pop', 'chamber psych', 'chillwave', 'compositional ambient', 'drone', 'electronica', 'escape room', 'experimental pop', 'fluxwork', 'fourth world', 'freak folk', 'hauntology', 'indietronica', 'intelligent dance music', 'microhouse', 'outsider house', 'vaporwave', 'wonky']",124384,52,49,1DtXzewBvv5vZBnl3ZmJqo
152,48,ANOHNI, Hopelessness ,2016,6VJZYivuYJGCrPuOAnI7Qo,"['art pop', 'chamber psych', 'escape room', 'experimental pop', 'metropopolis', 'transpop']",95547,40,48,3dAx4u7AJy72a6M1ms6uYF
153,47,Carly Rae Jepsen, E•MO•TION ,2015,6sFIWsNpZYqfjUpaCgueju,"['canadian pop', 'dance pop', 'electropop', 'indie poptimism', 'pop', 'post-teen pop']",4154872,76,47,6UjZgFbK6CQptu8aOobzPV
154,46,The Knife, Shaking the Habitual ,2013,7eQZTqEMozBcuSubfu52i4,"['alternative dance', 'art pop', 'dance-punk', 'electroclash', 'electronica', 'electropop', 'gothenburg indie', 'neo-synthpop', 'new rave', 'swedish electropop', 'swedish synthpop']",371239,54,46,6GWQ6fq8krujlglglMPyPu
155,45,Mount Eerie, A Crow Looked at Me ,2017,4Sw0SFu1fFdYXdAEVdrqnO,"['alternative rock', 'anti-folk', 'art pop', 'freak folk', 'indie folk', 'indie rock', 'lo-fi', 'melancholia', 'slowcore', 'washington indie']",84516,44,45,5p64XgvFREt1P6mC7Xl6XN
156,44,A Tribe Called Quest, We got it from Here... Thank You 4 Your service ,2016,09hVIj6vWgoCDtT03h8ZCa,"['alternative hip hop', 'conscious hip hop', 'east coast hip hop', 'gangster rap', 'hardcore hip hop', 'hip hop', 'jazz rap', 'queens hip hop', 'rap']",1242533,70,44,3WvQpufOsPzkZvcSuynCf3
157,43,Sky Ferreira," Night Time, My Time ",2013,7pyhre5oEEFMqcgMEvJY7q,"['art pop', 'candy pop', 'dance pop', 'electropop', 'escape room', 'indietronica', 'la indie', 'metropopolis', 'neo-synthpop']",383720,53,43,1bvCVYPVl445mO690M2dOr
158,42,Erykah Badu, New Amerykah Part Two: Return of the Ankh ,2010,7IfculRW2WXyzNQ8djX8WX,"['afrofuturism', 'hip hop', 'neo soul', 'r&b', 'soul', 'urban contemporary']",1837131,70,42,1MOub955Uer957RVqqkF2a
159,41,Beyoncé, Lemonade ,2016,6vWDO969PvNqNYHIOW5v0m,"['dance pop', 'pop', 'post-teen pop', 'r&b']",23601025,89,41,7dK54iZuOxXFarGhXwEXfF
160,40,Charli XCX, Pop 2 ,2017,25uiPmTg16RbhZWAqwLBy5,"['candy pop', 'dance pop', 'electropop', 'escape room', 'metropopolis', 'pop', 'post-teen pop', 'uk pop']",2062874,78,40,2HIwUmdxEl7SeWa1ndH5wC
161,39,Bill Callahan, Apocalypse ,2011,7gqsi6aBSkRMJoL9psKqMr,"['alternative country', 'anti-folk', 'art pop', 'chamber pop', 'freak folk', 'indie folk', 'indie rock', 'slowcore']",93217,55,39,13VVtuvboNAaPFcKsQsjLP
162,38,Tierra Whack, Whack World ,2018,4lPl9gqgox3JDiaJ1yklKh,"['alternative r&b', 'escape room']",256722,70,38,3ogNAkUhvQy0cFOfLoR6Y8
163,37,David Bowie, Blackstar ,2016,0oSGxfWSnnOXhD2fKuz2Gy,"['album rock', 'art rock', 'classic rock', 'dance rock', 'glam rock', 'permanent wave', 'rock']",5700336,81,37,2w1YJXWMIco6EBf0CovvVN
164,36,Rosalía, El Mal Querer ,2018,7ltDVBr6mKbRvohxheJ9h1,['r&b en espanol'],3710851,84,36,355bjCHzRJztCzaG5Za4gq
165,35,Blood Orange, Cupid Deluxe ,2013,6LEeAFiJF8OuPx747e1wxR,"['alternative r&b', 'art pop', 'chillwave', 'electropop', 'escape room', 'indie soul', 'indietronica', 'metropopolis']",498651,66,35,1bsLkHcWAGUao6Z1dHOEIB
166,34,Vince Staples, Summertime ’06 ,2015,68kEuyFKyqrdQQLLsmiatm,"['conscious hip hop', 'escape room', 'hip hop', 'rap', 'southern hip hop', 'underground hip hop']",1140398,72,34,4Csoz10NhNJOrCTUoPBdUD
167,33,Big Thief, U.F.O.F. ,2019,5QdyldG4Fl4TPiOIeMNpBZ,"['art pop', 'brooklyn indie', 'chamber pop', 'freak folk', 'indie folk', 'indie pop', 'indie rock', 'small room', 'stomp and holler']",246253,63,33,5X0bIKvPtSDo4NpXqgrB6p
168,32,Bon Iver, Bon Iver ,2011,4LEiUm1SRbFMgfqnQTwUbQ,"['eau claire indie', 'indie folk', 'melancholia', 'slowcore']",2664676,76,32,1JlvIsP2f6ckoa62aN7kLn
169,31,Beyoncé, 4 ,2011,6vWDO969PvNqNYHIOW5v0m,"['dance pop', 'pop', 'post-teen pop', 'r&b']",23601025,89,31,1gIC63gC3B7o7FfpPACZQJ
170,30,Mitski, Puberty 2 ,2016,2uYWxilOVlUdk4oV9DvwqK,"['art pop', 'brooklyn indie', 'escape room', 'indie pop', 'indie rock']",316979,67,30,16i5KnBjWgUtwOO7sVMnJB
171,29,Deerhunter, Halcyon Digest ,2010,38zTZcuN7nFvVJ6auhc6V3,"['alternative dance', 'alternative rock', 'art pop', 'atlanta indie', 'chamber psych', 'chillwave', 'dance-punk', 'dream pop', 'electronica', 'experimental rock', 'freak folk', 'garage psych', 'indie pop', 'indie rock', 'lo-fi', 'modern alternative rock', 'modern rock', 'neo-psychedelic', 'new rave', 'noise pop', 'noise rock', 'nu gaze', 'shoegaze', 'slowcore']",291874,57,29,1HUMjB15ARg96KIypcGzYY
172,28,FKA twigs, LP1 ,2014,6nB0iY1cjSY1KyhYyuIIKH,"['afrofuturism', 'art pop', 'dance pop', 'electropop', 'escape room', 'indie r&b', 'pop', 'trip hop']",694646,73,28,5VqGGKeWpIBRFh4M4XmqDK
173,27,Earl Sweatshirt, Some Rap Songs ,2018,3A5tHz1SfngyOZM2gItYKu,"['alternative hip hop', 'escape room', 'experimental hip hop', 'hip hop', 'rap', 'underground hip hop']",1230364,70,27,66at85wgO2pu5CccvqUF6i
174,26,Angel Olsen, Burn Your Fire for No Witness ,2014,6mKqFxGMS5TGDZI3XkT5Rt,"['alternative americana', 'art pop', 'chamber psych', 'freak folk', 'indie pop', 'indie rock']",279262,60,26,358elHWlgNqitp1lenb5Jn
175,25,Jamie xx, In Colour ,2015,7A0awCXkE1FtSU8B0qwOJQ,"['electronica', 'future garage', 'indie soul', 'indietronica', 'new rave']",606934,64,25,01uabHpYa9AA55wc6AwRQL
176,24,SZA, CTRL ,2017,7tYKF4w9nC0nq9CsPZTHyP,"['pop', 'pop rap', 'rap']",3463170,81,24,76290XdXVF9rPzGdNRWdCh
177,23,Kacey Musgraves, Golden Hour ,2018,70kkdajctXSbqSMJbQO424,"['contemporary country', 'country dawn', 'pop', 'texas country']",799775,75,23,7f6xPqyaolTiziKf5R5Z0c
178,22,Destroyer, Kaputt ,2011,22ojy4H4ZVpowC4lRRC8In,"['alternative dance', 'alternative rock', 'art pop', 'art rock', 'canadian indie', 'chamber pop', 'chamber psych', 'chillwave', 'freak folk', 'garage psych', 'indie folk', 'indie pop', 'indie rock', 'indietronica', 'noise pop', 'slowcore', 'stomp and holler', 'vancouver indie']",125426,51,22,4WtvNVR7QeHUZGtHth9zND
179,21,Beach House, Teen Dream ,2010,56ZTgzPBDge0OvCGgMO3OY,"['art pop', 'baltimore indie', 'chillwave', 'dream pop', 'freak folk', 'indie pop', 'indie rock', 'indietronica', 'modern dream pop']",961815,68,21,4sYpTER2iT2Y7Kf4VsfUne
180,20,DJ Rashad, Double Cup ,2013,4zGBj9dI63YIWmZkPl3o7V,"['bass music', 'footwork', 'ghettotech', 'outsider house']",23636,36,20,21dsgJBSUM6IvAGFjfotgF
181,19,Lana Del Rey, Norman Fucking Rockwell! ,2019,00FQb4jTyendYWaN8pK0wa,"['art pop', 'pop']",10788733,85,19,5XpEKORZ4y6OrCZSKsi46A
182,18,Kendrick Lamar," good kid, m.A.A.d. city ",2012,2YZyLoL8N0Wb9xBt1NhZWg,"['conscious hip hop', 'hip hop', 'rap', 'west coast rap']",15016584,88,18,6PBZN8cbwkqm1ERj2BGXJ1
183,17,Sufjan Stevens, Carrie & Lowell ,2015,4MXUO7sVCaFgFjoTI5ox5c,"['baroque pop', 'chamber pop', 'freak folk', 'indie folk', 'singer-songwriter']",1109298,74,17,0U8DeqqKDgIhIiWOdqiQXE
184,16,Joanna Newsom, Have One on Me ,2010,4gn6f5jaOO75s0oF7ozqGG,"['chamber folk', 'chamber pop', 'freak folk', 'harp', 'new weird america']",86605,39,16,4ZFCqS8Ye5qgp4w7Sq09T4
185,15,Kanye West, Yeezus ,2013,5K4W6rqBFWDnAN6FQUkS6x,"['chicago rap', 'rap']",12079848,91,15,7D2NdGvBHIavgLhmcwhluK
186,14,Lorde, Melodrama ,2017,163tK9Wjr9P9DmM0AVK7lm,"['art pop', 'dance pop', 'metropopolis', 'nz pop', 'pop']",6127522,79,14,2B87zXm9bOWvAJdkJBTpzF
187,13,Drake, Take Care ,2011,3TVXtAsR1Inumwj472S9r4,"['canadian hip hop', 'canadian pop', 'hip hop', 'pop rap', 'rap', 'toronto rap']",48112586,98,13,6X1x82kppWZmDzlXXK3y3q
188,12,Rihanna, ANTI ,2016,5pKCCKE2ajJHZ9KAiaK11H,"['barbadian pop', 'dance pop', 'pop', 'post-teen pop', 'r&b', 'urban contemporary']",38213871,90,12,48i37aZTC1prDr4EcpQeEa
189,11,Grimes, Art Angels ,2015,053q0ukIDRgzwTr4vNSwab,"['art pop', 'canadian electropop', 'chillwave', 'dance pop', 'electropop', 'grave wave', 'indietronica', 'metropopolis']",1124972,72,11,5hB4jVN4ZHpubyiMmW81K1
190,10,Frank Ocean, Channel Orange ,2012,2h93pZq0e7k5yf4dywlkpM,"['alternative r&b', 'hip hop', 'lgbtq+ hip hop', 'neo soul', 'pop']",6059085,85,10,392p3shh2jkxUxY2VHvlH8
191,9,D’Angelo & the Vanguard, Black Messiah ,2014,336vr2M3Va0FjyvB55lJEd,"['alternative r&b', 'funk', 'hip hop', 'indie soul', 'neo soul', 'soul']",893478,66,9,5Hfbag0SsHxafx1SySFSX6
192,8,Robyn, Body Talk ,2010,6UE7nl9mha6s8z0wFQFIZ2,"['art pop', 'dance pop', 'electropop', 'pop', 'pop rock', 'scandipop', 'swedish electropop', 'swedish pop']",659504,68,8,0Rzg7fqyWE39G6wKipxrns
193,7,Vampire Weekend, Modern Vampires of the City ,2013,5BvJzeQpmsdsFp4HGUYUEx,"['baroque pop', 'indie pop', 'indie rock', 'modern rock', 'rock']",1586365,72,7,2Qi2SySN2ePZwMLDSv9Krn
194,6,Solange, A Seat at the Table ,2016,2auiVi8sUZo17dLy1HwrTU,"['afrofuturism', 'alternative r&b', 'art pop', 'dance pop', 'electropop', 'escape room', 'hip pop', 'indie soul', 'neo soul', 'pop', 'r&b', 'urban contemporary']",1119936,67,6,3Yko2SxDk4hc6fncIBQlcM
195,5,Fiona Apple, The Idler Wheel Is Wiser Than the Driver of the Screw and Whipping Cords Will Serve You More Than Ropes Will Ever Do ,2012,3g2kUQ6tHLLbmkV7T4GPtL,"['art pop', 'chamber pop', 'indie pop', 'lilith', 'permanent wave', 'piano rock', 'pop rock', 'singer-songwriter']",674546,66,5,6B5favhKTShFTjRLsKIUfa
196,4,Kendrick Lamar, To Pimp a Butterfly ,2015,2YZyLoL8N0Wb9xBt1NhZWg,"['conscious hip hop', 'hip hop', 'rap', 'west coast rap']",15016584,88,4,7ycBtnsMtyVbbwTfJwRjSP
197,3,Beyoncé, Beyoncé ,2013,6vWDO969PvNqNYHIOW5v0m,"['dance pop', 'pop', 'post-teen pop', 'r&b']",23601025,89,3,2UJwKSBUz6rtW4QLK74kQu
198,2,Kanye West, My Beautiful Dark Twisted Fantasy ,2010,5K4W6rqBFWDnAN6FQUkS6x,"['chicago rap', 'rap']",12079848,91,2,20r762YmB5HeofjMCiPMLv
199,1,Frank Ocean, Blonde ,2016,2h93pZq0e7k5yf4dywlkpM,"['alternative r&b', 'hip hop', 'lgbtq+ hip hop', 'neo soul', 'pop']",6059085,85,1,3mH6qwIy9crq0I9YQbOuDf
